sample_id,blend_id,plant_components,plant_ratios,reported_compound_name,candidate_names,retention_time_min,library_match_quality,reported_smiles,reported_class,source_table,source_row,metadata,timepoint,storage_days,area_percent,peak_id
lemongrass,lemongrass_control,"[""Cymbopogon citratus""]","{""Cymbopogon citratus"": 30.0}",Citral,[],7.296,97.0,CC(C)=CCCC(C)=CC=O,,Table 4.1,Table 4.1 row 1,"{""identity_status"": ""tentative_library_annotation"", ""reported_name_verbatim"": ""Citral"", ""reported_quality_verbatim"": ""97"", ""reported_smiles_verbatim"": ""CC(C)=CCCC(C)=CC=O"", ""source_preserved_without_silent_correction"": true}",before_storage,0,13.1,project_blends_reported_v1:lemongrass:before:001
lemongrass,lemongrass_control,"[""Cymbopogon citratus""]","{""Cymbopogon citratus"": 30.0}",Thymol,[],7.401,90.0,CC1=CC(=C(C=C1)C(C)C)O,,Table 4.1,Table 4.1 row 2,"{""identity_status"": ""tentative_library_annotation"", ""reported_name_verbatim"": ""Thymol"", ""reported_quality_verbatim"": ""90"", ""reported_smiles_verbatim"": ""CC1=CC(=C(C=C1)C(C)C)O"", ""source_preserved_without_silent_correction"": true}",after_storage,28,1.4,project_blends_reported_v1:lemongrass:after:002
lemongrass,lemongrass_control,"[""Cymbopogon citratus""]","{""Cymbopogon citratus"": 30.0}",Eugenol,[],8.008,97.0,C=CCc1ccc(O)c(OC)c1,,Table 4.1,Table 4.1 row 3,"{""identity_status"": ""tentative_library_annotation"", ""reported_name_verbatim"": ""Eugenol"", ""reported_quality_verbatim"": ""97"", ""reported_smiles_verbatim"": ""C=CCc1ccc(O)c(OC)c1"", ""source_preserved_without_silent_correction"": true}",after_storage,28,64.13,project_blends_reported_v1:lemongrass:after:003
lemongrass,lemongrass_control,"[""Cymbopogon citratus""]","{""Cymbopogon citratus"": 30.0}",Caryophyllene,[],8.531,99.0,CC1CCC2C(C1)CCC3C2CCC4C3(CCC(C4)C)C,,Table 4.1,Table 4.1 row 4,"{""identity_status"": ""tentative_library_annotation"", ""reported_name_verbatim"": ""Caryophyllene"", ""reported_quality_verbatim"": ""99"", ""reported_smiles_verbatim"": ""CC1CCC2C(C1)CCC3C2CCC4C3(CCC(C4)C)C"", ""source_preserved_without_silent_correction"": true}",after_storage,28,5.57,project_blends_reported_v1:lemongrass:after:004
lemongrass,lemongrass_control,"[""Cymbopogon citratus""]","{""Cymbopogon citratus"": 30.0}",Humulene,[],8.793,97.0,CC1CCC2C(C1)CCC3C2CCC4C3(CCC(C4)C)C,,Table 4.1,Table 4.1 row 5,"{""identity_status"": ""tentative_library_annotation"", ""reported_name_verbatim"": ""Humulene"", ""reported_quality_verbatim"": ""97"", ""reported_smiles_verbatim"": ""CC1CCC2C(C1)CCC3C2CCC4C3(CCC(C4)C)C"", ""source_preserved_without_silent_correction"": true}",after_storage,28,0.66,project_blends_reported_v1:lemongrass:after:005
lemongrass,lemongrass_control,"[""Cymbopogon citratus""]","{""Cymbopogon citratus"": 30.0}","1,3-Cyclohexadiene, 5-(1,5-dimethyl-4-hexenyl)-2-methyl-, [S-(R*,S*)]-",[],9.013,87.0,[C@H]1CCC[C@@H]2[C@@H]1CCC(C2)C(C)C,,Table 4.1,Table 4.1 row 6,"{""identity_status"": ""tentative_library_annotation"", ""reported_name_verbatim"": ""1,3-Cyclohexadiene, 5-(1,5-dimethyl-4-hexenyl)-2-methyl-, [S-(R*,S*)]-"", ""reported_quality_verbatim"": ""87"", ""reported_smiles_verbatim"": ""[C@H]1CCC[C@@H]2[C@@H]1CCC(C2)C(C)C"", ""source_preserved_without_silent_correction"": true}",after_storage,28,1.36,project_blends_reported_v1:lemongrass:after:006
lemongrass,lemongrass_control,"[""Cymbopogon citratus""]","{""Cymbopogon citratus"": 30.0}","Phenol, 2-methoxy-4-(2-propenyl)-, acetate",[],9.254,97.0,CC(=O)OCc1ccc(OCC=C)cc1OC,,Table 4.1,Table 4.1 row 7,"{""identity_status"": ""tentative_library_annotation"", ""reported_name_verbatim"": ""Phenol, 2-methoxy-4-(2-propenyl)-, acetate"", ""reported_quality_verbatim"": ""97"", ""reported_smiles_verbatim"": ""CC(=O)OCc1ccc(OCC=C)cc1OC"", ""source_preserved_without_silent_correction"": true}",after_storage,28,10.2,project_blends_reported_v1:lemongrass:after:007
lemongrass,lemongrass_control,"[""Cymbopogon citratus""]","{""Cymbopogon citratus"": 30.0}","2-Butanone, 4-(4-hydroxy-3-methoxyphenyl)-",[],10.133,96.0,COc1cc(ccc1O)C(=O)CC,,Table 4.1,Table 4.1 row 8,"{""identity_status"": ""tentative_library_annotation"", ""reported_name_verbatim"": ""2-Butanone, 4-(4-hydroxy-3-methoxyphenyl)-"", ""reported_quality_verbatim"": ""96"", ""reported_smiles_verbatim"": ""COc1cc(ccc1O)C(=O)CC"", ""source_preserved_without_silent_correction"": true}",after_storage,28,1.11,project_blends_reported_v1:lemongrass:after:008
lemongrass,lemongrass_control,"[""Cymbopogon citratus""]","{""Cymbopogon citratus"": 30.0}",1-(4-Hydroxy-3-methoxyphenyl)dec-4-en-3-one,[],13.882,96.0,COc1cc(ccc1O)C(=O)C=CCC,,Table 4.1,Table 4.1 row 9,"{""identity_status"": ""tentative_library_annotation"", ""reported_name_verbatim"": ""1-(4-Hydroxy-3-methoxyphenyl)dec-4-en-3-one"", ""reported_quality_verbatim"": ""96"", ""reported_smiles_verbatim"": ""COc1cc(ccc1O)C(=O)C=CCC"", ""source_preserved_without_silent_correction"": true}",after_storage,28,2.47,project_blends_reported_v1:lemongrass:after:009
lemongrass,lemongrass_control,"[""Cymbopogon citratus""]","{""Cymbopogon citratus"": 30.0}","1-(4-Hydroxy-3-methoxyphenyl)decane-3,5-dione",[],14.091,92.0,COc1cc(ccc1O)C(=O)CC(=O)C,,Table 4.1,Table 4.1 row 10,"{""identity_status"": ""tentative_library_annotation"", ""reported_name_verbatim"": ""1-(4-Hydroxy-3-methoxyphenyl)decane-3,5-dione"", ""reported_quality_verbatim"": ""92"", ""reported_smiles_verbatim"": ""COc1cc(ccc1O)C(=O)CC(=O)C"", ""source_preserved_without_silent_correction"": true}",after_storage,28,1.0,project_blends_reported_v1:lemongrass:after:010
lemongrass,lemongrass_control,"[""Cymbopogon citratus""]","{""Cymbopogon citratus"": 30.0}",5-Hydroxy-1-(4-hydroxy-3-methoxyphenyl)decan-3-one,[],14.395,99.0,COc1cc(ccc1O)C(=O)CC(O)C,,Table 4.1,Table 4.1 row 11,"{""identity_status"": ""tentative_library_annotation"", ""reported_name_verbatim"": ""5-Hydroxy-1-(4-hydroxy-3-methoxyphenyl)decan-3-one"", ""reported_quality_verbatim"": ""99"", ""reported_smiles_verbatim"": ""COc1cc(ccc1O)C(=O)CC(O)C"", ""source_preserved_without_silent_correction"": true}",after_storage,28,6.05,project_blends_reported_v1:lemongrass:after:011
lemongrass,lemongrass_control,"[""Cymbopogon citratus""]","{""Cymbopogon citratus"": 30.0}","1-(4-Hydroxy-3-methoxyphenyl)tetradecane-3,5-dione",[],16.038,94.0,COc1cc(ccc1O)C(=O)CC(=O)CCCC,,Table 4.1,Table 4.1 row 12,"{""identity_status"": ""tentative_library_annotation"", ""reported_name_verbatim"": ""1-(4-Hydroxy-3-methoxyphenyl)tetradecane-3,5-dione"", ""reported_quality_verbatim"": ""94"", ""reported_smiles_verbatim"": ""COc1cc(ccc1O)C(=O)CC(=O)CCCC"", ""source_preserved_without_silent_correction"": true}",after_storage,28,2.32,project_blends_reported_v1:lemongrass:after:012
blend_a,A,"[""Cymbopogon citratus"", ""Ocimum gratissimum""]","{""Cymbopogon citratus"": 15.0, ""Ocimum gratissimum"": 15.0}",o-Cymene,"[""o-Cymene"", ""p-Cymene""]",5.055,94.0,CC1=CC=CC=C1C CC1=CC=C(C)C=C1,Monoterpene,Table 4.2,Table 4.2 row 1,"{""identity_status"": ""tentative_library_annotation"", ""reported_name_verbatim"": ""o-Cymene p-Cymene"", ""reported_quality_verbatim"": ""94"", ""reported_smiles_verbatim"": ""CC1=CC=CC=C1C CC1=CC=C(C)C=C1"", ""source_preserved_without_silent_correction"": true}",before_storage,0,6.48,project_blends_reported_v1:blend_a:before:001
blend_a,A,"[""Cymbopogon citratus"", ""Ocimum gratissimum""]","{""Cymbopogon citratus"": 15.0, ""Ocimum gratissimum"": 15.0}",p-Cymene,"[""p-Cymene"", ""o-Cymene""]",5.003,96.0,CC1=CC=C(C=C1)C(C)C CC1=CC=C(C=C1)CC,Monoterpene,Table 4.2,Table 4.2 row 2,"{""identity_status"": ""tentative_library_annotation"", ""reported_name_verbatim"": ""p-Cymene o-Cymene"", ""reported_quality_verbatim"": ""96 96"", ""reported_smiles_verbatim"": ""CC1=CC=C(C=C1)C(C)C CC1=CC=C(C=C1)CC"", ""source_preserved_without_silent_correction"": true}",after_storage,28,2.51,project_blends_reported_v1:blend_a:after:002
blend_a,A,"[""Cymbopogon citratus"", ""Ocimum gratissimum""]","{""Cymbopogon citratus"": 15.0, ""Ocimum gratissimum"": 15.0}",gamma--Terpinene,[],5.38,95.0,CC(C)=CCC1=CC=CC=C1,Monoterpene,Table 4.2,Table 4.2 row 3,"{""identity_status"": ""tentative_library_annotation"", ""reported_name_verbatim"": ""gamma--Terpinene"", ""reported_quality_verbatim"": ""95"", ""reported_smiles_verbatim"": ""CC(C)=CCC1=CC=CC=C1"", ""source_preserved_without_silent_correction"": true}",before_storage,0,4.76,project_blends_reported_v1:blend_a:before:003
blend_a,A,"[""Cymbopogon citratus"", ""Ocimum gratissimum""]","{""Cymbopogon citratus"": 15.0, ""Ocimum gratissimum"": 15.0}",Citral,[],7.296,95.0,CC(C)=CCCC(C)=CC=O,Monoterpene aldehyde,Table 4.2,Table 4.2 row 4,"{""identity_status"": ""tentative_library_annotation"", ""reported_name_verbatim"": ""Citral"", ""reported_quality_verbatim"": ""95"", ""reported_smiles_verbatim"": ""CC(C)=CCCC(C)=CC=O"", ""source_preserved_without_silent_correction"": true}",before_storage,0,19.03,project_blends_reported_v1:blend_a:before:004
blend_a,A,"[""Cymbopogon citratus"", ""Ocimum gratissimum""]","{""Cymbopogon citratus"": 15.0, ""Ocimum gratissimum"": 15.0}",Thymoquinone,[],7.108,97.0,CC1=CC=C(C=C1)C(=O)C1=CC=CC=C1,Monoterpene Ketone,Table 4.2,Table 4.2 row 5,"{""identity_status"": ""tentative_library_annotation"", ""reported_name_verbatim"": ""Thymoquinone"", ""reported_quality_verbatim"": ""97"", ""reported_smiles_verbatim"": ""CC1=CC=C(C=C1)C(=O)C1=CC=CC=C1"", ""source_preserved_without_silent_correction"": true}",after_storage,28,5.21,project_blends_reported_v1:blend_a:after:005
blend_a,A,"[""Cymbopogon citratus"", ""Ocimum gratissimum""]","{""Cymbopogon citratus"": 15.0, ""Ocimum gratissimum"": 15.0}",Thymol,"[""Thymol"", ""Phenol, 2-methyl-5-(1-methylethyl)""]",7.401,90.0,CC1=CC=C(C=C1)C(C)(C)O CC(C)C1=CC(=CC=C1)O,Monoterpene alcohol,Table 4.2,Table 4.2 row 6,"{""identity_status"": ""tentative_library_annotation"", ""reported_name_verbatim"": ""Thymol Phenol, 2-methyl-5-(1-methylethyl)"", ""reported_quality_verbatim"": ""90 90"", ""reported_smiles_verbatim"": ""CC1=CC=C(C=C1)C(C)(C)O CC(C)C1=CC(=CC=C1)O"", ""source_preserved_without_silent_correction"": true}",after_storage,28,17.79,project_blends_reported_v1:blend_a:after:006
blend_a,A,"[""Cymbopogon citratus"", ""Ocimum gratissimum""]","{""Cymbopogon citratus"": 15.0, ""Ocimum gratissimum"": 15.0}",Thymol,[],7.442,94.0,CC1=CC=C(C(C)C=C1)C(C)(C)O,Monoterpene alcohol,Table 4.2,Table 4.2 row 7,"{""identity_status"": ""tentative_library_annotation"", ""reported_name_verbatim"": ""Thymol"", ""reported_quality_verbatim"": ""94"", ""reported_smiles_verbatim"": ""CC1=CC=C(C(C)C=C1)C(C)(C)O"", ""source_preserved_without_silent_correction"": true}",before_storage,0,37.05,project_blends_reported_v1:blend_a:before:007
blend_a,A,"[""Cymbopogon citratus"", ""Ocimum gratissimum""]","{""Cymbopogon citratus"": 15.0, ""Ocimum gratissimum"": 15.0}",Eugenol,[],7.997,98.0,CC1=CC(=CC=C1CC=C(C)C)O,Phenolic compound,Table 4.2,Table 4.2 row 8,"{""identity_status"": ""tentative_library_annotation"", ""reported_name_verbatim"": ""Eugenol"", ""reported_quality_verbatim"": ""98"", ""reported_smiles_verbatim"": ""CC1=CC(=CC=C1CC=C(C)C)O"", ""source_preserved_without_silent_correction"": true}",after_storage,28,24.6,project_blends_reported_v1:blend_a:after:008
blend_a,A,"[""Cymbopogon citratus"", ""Ocimum gratissimum""]","{""Cymbopogon citratus"": 15.0, ""Ocimum gratissimum"": 15.0}",Caryophyllene,[],8.532,98.0,CC1CCC2C(C1)CCC3C2CCC4C3(CCC(C4)C)C,Sesquiterpene,Table 4.2,Table 4.2 row 9,"{""identity_status"": ""tentative_library_annotation"", ""reported_name_verbatim"": ""Caryophyllene"", ""reported_quality_verbatim"": ""98"", ""reported_smiles_verbatim"": ""CC1CCC2C(C1)CCC3C2CCC4C3(CCC(C4)C)C"", ""source_preserved_without_silent_correction"": true}",after_storage,28,9.03,project_blends_reported_v1:blend_a:after:009
blend_a,A,"[""Cymbopogon citratus"", ""Ocimum gratissimum""]","{""Cymbopogon citratus"": 15.0, ""Ocimum gratissimum"": 15.0}","Bicyclo[3.1.1]hept-2-ene, 2,6-dimethyl-6-(4-methyl-3-pentenyl)-",[],9.013,89.0,CC(=CCC/C(=C/C(CC1CCC1)=C/C(C)C)\C)C,Sesquiterpene,Table 4.2,Table 4.2 row 10,"{""identity_status"": ""tentative_library_annotation"", ""reported_name_verbatim"": ""Bicyclo[3.1.1]hept-2-ene, 2,6-dimethyl-6-(4-methyl-3-pentenyl)-"", ""reported_quality_verbatim"": ""89"", ""reported_smiles_verbatim"": ""CC(=CCC/C(=C/C(CC1CCC1)=C/C(C)C)\\C)C"", ""source_preserved_without_silent_correction"": true}",after_storage,28,15.56,project_blends_reported_v1:blend_a:after:010
blend_a,A,"[""Cymbopogon citratus"", ""Ocimum gratissimum""]","{""Cymbopogon citratus"": 15.0, ""Ocimum gratissimum"": 15.0}","Naphthalene, decahydro-4a-methyl-1 -methylene-7-(1-methylethenyl)-, [4aR-(4aalpha-,7alpha-,8abeta-)]",[],9.097,98.0,CC1=CCC2C1CCC2(C)C(C)=CC1=CC=CC=C1,Sesquiterpene,Table 4.2,Table 4.2 row 11,"{""identity_status"": ""tentative_library_annotation"", ""reported_name_verbatim"": ""Naphthalene, decahydro-4a-methyl-1 -methylene-7-(1-methylethenyl)-, [4aR-(4aalpha-,7alpha-,8abeta-)]"", ""reported_quality_verbatim"": ""98"", ""reported_smiles_verbatim"": ""CC1=CCC2C1CCC2(C)C(C)=CC1=CC=CC=C1"", ""source_preserved_without_silent_correction"": true}",before_storage,0,5.82,project_blends_reported_v1:blend_a:before:011
blend_a,A,"[""Cymbopogon citratus"", ""Ocimum gratissimum""]","{""Cymbopogon citratus"": 15.0, ""Ocimum gratissimum"": 15.0}","Naphthalene,1,2,3,5,6,7,8,8a-octahydro-1,8a-dimethyl-7-(1-methylethenyl)-, [1R-(1α,7β,8aα)]-",[],9.107,96.0,CC1=CCC2C(CCC3C2CCC2C4CCC@@HCC3(C)C)C1C,Sesquiterpene,Table 4.2,Table 4.2 row 12,"{""identity_status"": ""tentative_library_annotation"", ""reported_name_verbatim"": ""Naphthalene,1,2,3,5,6,7,8,8a-octahydro-1,8a-dimethyl-7-(1-methylethenyl)-, [1R-(1α,7β,8aα)]-"", ""reported_quality_verbatim"": ""96"", ""reported_smiles_verbatim"": ""CC1=CCC2C(CCC3C2CCC2C4CCC@@HCC3(C)C)C1C"", ""source_preserved_without_silent_correction"": true}",after_storage,28,4.79,project_blends_reported_v1:blend_a:after:012
blend_a,A,"[""Cymbopogon citratus"", ""Ocimum gratissimum""]","{""Cymbopogon citratus"": 15.0, ""Ocimum gratissimum"": 15.0}","1,2-Benzenediol, 3,5-bis(1,1-dimethylethyl)-",[],12.866,64.0,CC(C)(C)C1=CC(=CC(=C1)O)C(C)(C)C,Phenolic compound,Table 4.2,Table 4.2 row 13,"{""identity_status"": ""tentative_library_annotation"", ""reported_name_verbatim"": ""1,2-Benzenediol, 3,5-bis(1,1-dimethylethyl)-"", ""reported_quality_verbatim"": ""64"", ""reported_smiles_verbatim"": ""CC(C)(C)C1=CC(=CC(=C1)O)C(C)(C)C"", ""source_preserved_without_silent_correction"": true}",after_storage,28,1.79,project_blends_reported_v1:blend_a:after:013
blend_b,B,"[""Cymbopogon citratus"", ""Ocimum gratissimum"", ""Syzygium aromaticum"", ""Zingiber officinale""]","{""Cymbopogon citratus"": 7.5, ""Ocimum gratissimum"": 7.5, ""Syzygium aromaticum"": 7.5, ""Zingiber officinale"": 7.5}",p-Cymene,"[""p-Cymene"", ""Benzene, 1-methyl-3-(1-methylethyl)-"", ""o-Cymene""]",5.056,92.0,CC1=CC(=CC=C1C)C CC(C)Cc1ccccc1 CC1=CC(=CC=C1C)C,Monoterpene Alkylbenzene Monoterpene,Table 4.3,Table 4.3 row 1,"{""identity_status"": ""tentative_library_annotation"", ""reported_name_verbatim"": ""p-Cymene Benzene, 1-methyl-3-(1-methylethyl)- o-Cymene"", ""reported_quality_verbatim"": ""92 92 92"", ""reported_smiles_verbatim"": ""CC1=CC(=CC=C1C)C CC(C)Cc1ccccc1 CC1=CC(=CC=C1C)C"", ""source_preserved_without_silent_correction"": true}",before_storage,0,0.66,project_blends_reported_v1:blend_b:before:001
blend_b,B,"[""Cymbopogon citratus"", ""Ocimum gratissimum"", ""Syzygium aromaticum"", ""Zingiber officinale""]","{""Cymbopogon citratus"": 7.5, ""Ocimum gratissimum"": 7.5, ""Syzygium aromaticum"": 7.5, ""Zingiber officinale"": 7.5}",Thymoquinone,[],7.097,98.0,CC(C)C1=CC(=O)C=C(C)C1,Monoterpene Ketone,Table 4.3,Table 4.3 row 2,"{""identity_status"": ""tentative_library_annotation"", ""reported_name_verbatim"": ""Thymoquinone"", ""reported_quality_verbatim"": ""98"", ""reported_smiles_verbatim"": ""CC(C)C1=CC(=O)C=C(C)C1"", ""source_preserved_without_silent_correction"": true}",after_storage,28,0.16,project_blends_reported_v1:blend_b:after:002
blend_b,B,"[""Cymbopogon citratus"", ""Ocimum gratissimum"", ""Syzygium aromaticum"", ""Zingiber officinale""]","{""Cymbopogon citratus"": 7.5, ""Ocimum gratissimum"": 7.5, ""Syzygium aromaticum"": 7.5, ""Zingiber officinale"": 7.5}",Citral,[],7.296,96.0,CC(C)=CCCC(C)=CC(=O),Monoterpene Aldehyde,Table 4.3,Table 4.3 row 3,"{""identity_status"": ""tentative_library_annotation"", ""reported_name_verbatim"": ""Citral"", ""reported_quality_verbatim"": ""96"", ""reported_smiles_verbatim"": ""CC(C)=CCCC(C)=CC(=O)"", ""source_preserved_without_silent_correction"": true}",before_storage,0,2.53,project_blends_reported_v1:blend_b:before:003
blend_b,B,"[""Cymbopogon citratus"", ""Ocimum gratissimum"", ""Syzygium aromaticum"", ""Zingiber officinale""]","{""Cymbopogon citratus"": 7.5, ""Ocimum gratissimum"": 7.5, ""Syzygium aromaticum"": 7.5, ""Zingiber officinale"": 7.5}","Phenol, 5-methyl-2-(1-methylethyl)-, acetate",[],7.401,93.0,CC(C)C1=CC(=CC=C1O)C(C)C,Phenolic Ester,Table 4.3,Table 4.3 row 4,"{""identity_status"": ""tentative_library_annotation"", ""reported_name_verbatim"": ""Phenol, 5-methyl-2-(1-methylethyl)-, acetate"", ""reported_quality_verbatim"": ""93"", ""reported_smiles_verbatim"": ""CC(C)C1=CC(=CC=C1O)C(C)C"", ""source_preserved_without_silent_correction"": true}",after_storage,28,1.71,project_blends_reported_v1:blend_b:after:004
blend_b,B,"[""Cymbopogon citratus"", ""Ocimum gratissimum"", ""Syzygium aromaticum"", ""Zingiber officinale""]","{""Cymbopogon citratus"": 7.5, ""Ocimum gratissimum"": 7.5, ""Syzygium aromaticum"": 7.5, ""Zingiber officinale"": 7.5}",Thymol,[],7.443,94.0,CC1=CC=C(C=C1)C(C)(C),Monoterpene Alcohol,Table 4.3,Table 4.3 row 5,"{""identity_status"": ""tentative_library_annotation"", ""reported_name_verbatim"": ""Thymol"", ""reported_quality_verbatim"": ""94"", ""reported_smiles_verbatim"": ""CC1=CC=C(C=C1)C(C)(C)"", ""source_preserved_without_silent_correction"": true}",before_storage,0,4.3,project_blends_reported_v1:blend_b:before:005
blend_b,B,"[""Cymbopogon citratus"", ""Ocimum gratissimum"", ""Syzygium aromaticum"", ""Zingiber officinale""]","{""Cymbopogon citratus"": 7.5, ""Ocimum gratissimum"": 7.5, ""Syzygium aromaticum"": 7.5, ""Zingiber officinale"": 7.5}","Phenol, 2-methoxy-3-(2-propenyl)-","[""Phenol, 2-methoxy-3-(2-propenyl)-"", ""Eugenol""]",8.039,98.0,COC=CC=C(C=C1)C(O)=C1 OCC1=CC=C(C=C1)CC=C,Phenolic Compound Phenolic Compound,Table 4.3,Table 4.3 row 6,"{""identity_status"": ""tentative_library_annotation"", ""reported_name_verbatim"": ""Phenol, 2-methoxy-3-(2-propenyl)- Eugenol"", ""reported_quality_verbatim"": ""98 98"", ""reported_smiles_verbatim"": ""COC=CC=C(C=C1)C(O)=C1 OCC1=CC=C(C=C1)CC=C"", ""source_preserved_without_silent_correction"": true}",before_storage,0,53.25,project_blends_reported_v1:blend_b:before:006
blend_b,B,"[""Cymbopogon citratus"", ""Ocimum gratissimum"", ""Syzygium aromaticum"", ""Zingiber officinale""]","{""Cymbopogon citratus"": 7.5, ""Ocimum gratissimum"": 7.5, ""Syzygium aromaticum"": 7.5, ""Zingiber officinale"": 7.5}","Phenol, 2-methoxy-3-(2-propenyl)-","[""Eugenol"", ""Phenol, 2-methoxy-3-(2-propenyl)-""]",8.019,97.0,C=CCc1cccc(OC)c1O,Phenolic Compound,Table 4.3,Table 4.3 row 7,"{""continuation_rows"": [""Table 4.3 row 8""], ""identity_status"": ""tentative_library_annotation"", ""reported_name_verbatim"": ""Phenol, 2-methoxy-3-(2-propenyl)-"", ""reported_quality_verbatim"": ""97"", ""reported_smiles_verbatim"": ""C=CCc1cccc(OC)c1O"", ""source_preserved_without_silent_correction"": true}",after_storage,28,77.11,project_blends_reported_v1:blend_b:after:007
blend_b,B,"[""Cymbopogon citratus"", ""Ocimum gratissimum"", ""Syzygium aromaticum"", ""Zingiber officinale""]","{""Cymbopogon citratus"": 7.5, ""Ocimum gratissimum"": 7.5, ""Syzygium aromaticum"": 7.5, ""Zingiber officinale"": 7.5}",Caryophyllene,[],8.532,99.0,CC1CCC2C(C1)CCC3C2CCC4C3(CCC(C4)C)C,Sesquiterpene,Table 4.3,Table 4.3 row 9,"{""identity_status"": ""tentative_library_annotation"", ""reported_name_verbatim"": ""Caryophyllene"", ""reported_quality_verbatim"": ""99"", ""reported_smiles_verbatim"": ""CC1CCC2C(C1)CCC3C2CCC4C3(CCC(C4)C)C"", ""source_preserved_without_silent_correction"": true}",after_storage,28,4.74,project_blends_reported_v1:blend_b:after:009
blend_b,B,"[""Cymbopogon citratus"", ""Ocimum gratissimum"", ""Syzygium aromaticum"", ""Zingiber officinale""]","{""Cymbopogon citratus"": 7.5, ""Ocimum gratissimum"": 7.5, ""Syzygium aromaticum"": 7.5, ""Zingiber officinale"": 7.5}",Carophyllene,[],8.594,99.0,CC1CCC2C(C1)CCC3C2CCC4C3(CCC(C4)C)C,Sesquiterpene,Table 4.3,Table 4.3 row 10,"{""identity_status"": ""tentative_library_annotation"", ""reported_name_verbatim"": ""Carophyllene"", ""reported_quality_verbatim"": ""99"", ""reported_smiles_verbatim"": ""CC1CCC2C(C1)CCC3C2CCC4C3(CCC(C4)C)C"", ""source_preserved_without_silent_correction"": true}",before_storage,0,11.67,project_blends_reported_v1:blend_b:before:010
blend_b,B,"[""Cymbopogon citratus"", ""Ocimum gratissimum"", ""Syzygium aromaticum"", ""Zingiber officinale""]","{""Cymbopogon citratus"": 7.5, ""Ocimum gratissimum"": 7.5, ""Syzygium aromaticum"": 7.5, ""Zingiber officinale"": 7.5}",Humulene,[],8.793,97.0,CC1CCC2C(C1)CCC3C2CCC4C3(CCC(C4)C)C,Sesquiterpene,Table 4.3,Table 4.3 row 11,"{""identity_status"": ""tentative_library_annotation"", ""reported_name_verbatim"": ""Humulene"", ""reported_quality_verbatim"": ""97"", ""reported_smiles_verbatim"": ""CC1CCC2C(C1)CCC3C2CCC4C3(CCC(C4)C)C"", ""source_preserved_without_silent_correction"": true}",after_storage,28,0.61,project_blends_reported_v1:blend_b:after:011
blend_b,B,"[""Cymbopogon citratus"", ""Ocimum gratissimum"", ""Syzygium aromaticum"", ""Zingiber officinale""]","{""Cymbopogon citratus"": 7.5, ""Ocimum gratissimum"": 7.5, ""Syzygium aromaticum"": 7.5, ""Zingiber officinale"": 7.5}",Humulene,[],8.846,95.0,CC1CCC2C(C1)CCC3C2CCC4C3(CCC(C4)C)C,Sesquiterpene,Table 4.3,Table 4.3 row 12,"{""identity_status"": ""tentative_library_annotation"", ""reported_name_verbatim"": ""Humulene"", ""reported_quality_verbatim"": ""95"", ""reported_smiles_verbatim"": ""CC1CCC2C(C1)CCC3C2CCC4C3(CCC(C4)C)C"", ""source_preserved_without_silent_correction"": true}",before_storage,0,1.29,project_blends_reported_v1:blend_b:before:012
blend_b,B,"[""Cymbopogon citratus"", ""Ocimum gratissimum"", ""Syzygium aromaticum"", ""Zingiber officinale""]","{""Cymbopogon citratus"": 7.5, ""Ocimum gratissimum"": 7.5, ""Syzygium aromaticum"": 7.5, ""Zingiber officinale"": 7.5}","Benzene,1-(1,5-dimethyl-4-hexenyl)-4-methyl-",[],8.982,97.0,CCC(=C)CCCC1=CC=C(C)C=C1,Alkylbenzene,Table 4.3,Table 4.3 row 13,"{""identity_status"": ""tentative_library_annotation"", ""reported_name_verbatim"": ""Benzene,1-(1,5-dimethyl-4-hexenyl)-4-methyl-"", ""reported_quality_verbatim"": ""97"", ""reported_smiles_verbatim"": ""CCC(=C)CCCC1=CC=C(C)C=C1"", ""source_preserved_without_silent_correction"": true}",before_storage,0,1.12,project_blends_reported_v1:blend_b:before:013
blend_b,B,"[""Cymbopogon citratus"", ""Ocimum gratissimum"", ""Syzygium aromaticum"", ""Zingiber officinale""]","{""Cymbopogon citratus"": 7.5, ""Ocimum gratissimum"": 7.5, ""Syzygium aromaticum"": 7.5, ""Zingiber officinale"": 7.5}",trans-alpha-Bergamotene,"[""trans-alpha-Bergamotene"", ""1,3-Cyclohexadiene, 5-(1,5-dimethyl-4-hexenyl)-2-methyl-, [S-(R*,S*)]-""]",9.066,93.0,CC(=CCCC1(C)CCC(=C)C1(C)C)C CC(C)C(C)=CCC1=CCC(=CC1=C)C(C)=C,Cyclohexadiene derivative (Terpenoid),Table 4.3,Table 4.3 row 14,"{""identity_status"": ""tentative_library_annotation"", ""reported_name_verbatim"": ""trans-alpha--Bergamotene 1,3-Cyclohexadiene, 5-(1,5 dimethyl-4-hexenyl)-2-methyl-, [S-(R*,S*)]-"", ""reported_quality_verbatim"": ""93 93"", ""reported_smiles_verbatim"": ""CC(=CCCC1(C)CCC(=C)C1(C)C)C CC(C)C(C)=CCC1=CCC(=CC1=C)C(C)=C"", ""source_preserved_without_silent_correction"": true}",before_storage,0,6.58,project_blends_reported_v1:blend_b:before:014
blend_b,B,"[""Cymbopogon citratus"", ""Ocimum gratissimum"", ""Syzygium aromaticum"", ""Zingiber officinale""]","{""Cymbopogon citratus"": 7.5, ""Ocimum gratissimum"": 7.5, ""Syzygium aromaticum"": 7.5, ""Zingiber officinale"": 7.5}","(R)-1-Methyl-4-(6-methylhept-5-en-2-yl)cyclohexa-1,4-diene",[],9.013,83.0,CC(=C)[C@H]1CCC[C@@H]2[C@@H]1CCC(C2)C(C)C,Sesquiterpene,Table 4.3,Table 4.3 row 15,"{""identity_status"": ""tentative_library_annotation"", ""reported_name_verbatim"": ""(R)-1-Methyl-4-(6-methylhept-5-en-2-yl)cyclohexa-1,4-diene"", ""reported_quality_verbatim"": ""83"", ""reported_smiles_verbatim"": ""CC(=C)[C@H]1CCC[C@@H]2[C@@H]1CCC(C2)C(C)C"", ""source_preserved_without_silent_correction"": true}",after_storage,28,4.37,project_blends_reported_v1:blend_b:after:015
blend_b,B,"[""Cymbopogon citratus"", ""Ocimum gratissimum"", ""Syzygium aromaticum"", ""Zingiber officinale""]","{""Cymbopogon citratus"": 7.5, ""Ocimum gratissimum"": 7.5, ""Syzygium aromaticum"": 7.5, ""Zingiber officinale"": 7.5}",gamma--Muurolene,[],9.118,93.0,CC1=CCC(CC1)C(C)CCC=C(C)C,Sesquiterpene,Table 4.3,Table 4.3 row 16,"{""identity_status"": ""tentative_library_annotation"", ""reported_name_verbatim"": ""gamma--Muurolene"", ""reported_quality_verbatim"": ""93"", ""reported_smiles_verbatim"": ""CC1=CCC(CC1)C(C)CCC=C(C)C"", ""source_preserved_without_silent_correction"": true}",after_storage,28,0.98,project_blends_reported_v1:blend_b:after:016
blend_b,B,"[""Cymbopogon citratus"", ""Ocimum gratissimum"", ""Syzygium aromaticum"", ""Zingiber officinale""]","{""Cymbopogon citratus"": 7.5, ""Ocimum gratissimum"": 7.5, ""Syzygium aromaticum"": 7.5, ""Zingiber officinale"": 7.5}","Phenol, 2-methoxy-4-(2-propenyl)-acetate",[],9.243,96.0,CC(=O)OCc1ccc(OCC=C)cc1OC,Phenolic Ester,Table 4.3,Table 4.3 row 17,"{""identity_status"": ""tentative_library_annotation"", ""reported_name_verbatim"": ""Phenol, 2-methoxy-4-(2-propenyl)-acetate"", ""reported_quality_verbatim"": ""96"", ""reported_smiles_verbatim"": ""CC(=O)OCc1ccc(OCC=C)cc1OC"", ""source_preserved_without_silent_correction"": true}",after_storage,28,6.81,project_blends_reported_v1:blend_b:after:017
blend_b,B,"[""Cymbopogon citratus"", ""Ocimum gratissimum"", ""Syzygium aromaticum"", ""Zingiber officinale""]","{""Cymbopogon citratus"": 7.5, ""Ocimum gratissimum"": 7.5, ""Syzygium aromaticum"": 7.5, ""Zingiber officinale"": 7.5}","Phenol, 2-methoxy-4-(2 propenyl)-,acetate",[],9.296,97.0,COC(=O)C=CC=C(C=C1)C(O)=C1,Phenolic Ester,Table 4.3,Table 4.3 row 18,"{""identity_status"": ""tentative_library_annotation"", ""reported_name_verbatim"": ""Phenol, 2-methoxy-4-(2 propenyl)-,acetate"", ""reported_quality_verbatim"": ""97"", ""reported_smiles_verbatim"": ""COC(=O)C=CC=C(C=C1)C(O)=C1"", ""source_preserved_without_silent_correction"": true}",before_storage,0,14.82,project_blends_reported_v1:blend_b:before:018
blend_b,B,"[""Cymbopogon citratus"", ""Ocimum gratissimum"", ""Syzygium aromaticum"", ""Zingiber officinale""]","{""Cymbopogon citratus"": 7.5, ""Ocimum gratissimum"": 7.5, ""Syzygium aromaticum"": 7.5, ""Zingiber officinale"": 7.5}","2-((2R,4aR,8aR)-4a,8-Dimethyl-1,2,3,4,4a,5,6,8a-octahydronaphthalen-2-yl)prop-2-en-1-ol",[],9.777,91.0,CC(=C)[C@H]1CCC[C@@H]2[C@@H]1CCC(C2)(C)CO,Terpenoid Alcohol,Table 4.3,Table 4.3 row 19,"{""identity_status"": ""tentative_library_annotation"", ""reported_name_verbatim"": ""2-((2R,4aR,8aR)-4a,8-Dimethyl-1,2,3,4,4a,5,6,8a-octahydronaphthalen-2-yl)prop-2-en-1-ol"", ""reported_quality_verbatim"": ""91"", ""reported_smiles_verbatim"": ""CC(=C)[C@H]1CCC[C@@H]2[C@@H]1CCC(C2)(C)CO"", ""source_preserved_without_silent_correction"": true}",after_storage,28,0.52,project_blends_reported_v1:blend_b:after:019
blend_c,C,"[""Cymbopogon citratus"", ""Ocimum gratissimum"", ""Syzygium aromaticum""]","{""Cymbopogon citratus"": 10.0, ""Ocimum gratissimum"": 10.0, ""Syzygium aromaticum"": 10.0}","Fenchol, exo-",[],3.338,87.0,CC1(C2CCC(C2)(C1O)C)C,Monoterpene alcohol,Table 4.4,Table 4.4 row 1,"{""identity_status"": ""tentative_library_annotation"", ""reported_name_verbatim"": ""Fenchol, exo-"", ""reported_quality_verbatim"": ""87"", ""reported_smiles_verbatim"": ""CC1(C2CCC(C2)(C1O)C)C"", ""source_preserved_without_silent_correction"": true}",before_storage,0,7.26,project_blends_reported_v1:blend_c:before:001
blend_c,C,"[""Cymbopogon citratus"", ""Ocimum gratissimum"", ""Syzygium aromaticum""]","{""Cymbopogon citratus"": 10.0, ""Ocimum gratissimum"": 10.0, ""Syzygium aromaticum"": 10.0}",Isoborneol,[],3.768,94.0,CC1(C2CCC(C2)(C1O)C)C,Monoterpene alcohol,Table 4.4,Table 4.4 row 2,"{""identity_status"": ""tentative_library_annotation"", ""reported_name_verbatim"": ""Isoborneol"", ""reported_quality_verbatim"": ""94"", ""reported_smiles_verbatim"": ""CC1(C2CCC(C2)(C1O)C)C"", ""source_preserved_without_silent_correction"": true}",before_storage,0,1.01,project_blends_reported_v1:blend_c:before:002
blend_c,C,"[""Cymbopogon citratus"", ""Ocimum gratissimum"", ""Syzygium aromaticum""]","{""Cymbopogon citratus"": 10.0, ""Ocimum gratissimum"": 10.0, ""Syzygium aromaticum"": 10.0}",gamma-Terpinene,[],3.851,94.0,CC1=CCC(CC1)C,Monoterpene,Table 4.4,Table 4.4 row 3,"{""identity_status"": ""tentative_library_annotation"", ""reported_name_verbatim"": ""gamma-Terpinene"", ""reported_quality_verbatim"": ""94"", ""reported_smiles_verbatim"": ""CC1=CCC(CC1)C"", ""source_preserved_without_silent_correction"": true}",before_storage,0,3.09,project_blends_reported_v1:blend_c:before:003
blend_c,C,"[""Cymbopogon citratus"", ""Ocimum gratissimum"", ""Syzygium aromaticum""]","{""Cymbopogon citratus"": 10.0, ""Ocimum gratissimum"": 10.0, ""Syzygium aromaticum"": 10.0}","Tricyclo[2.2.1.0(2,6)]heptane, 1,3 ,3-trimethyl-",[],3.946,92.0,CC1(C2CCC(C2)(C1)C)C,Tricyclic sesquiterpene,Table 4.4,Table 4.4 row 4,"{""identity_status"": ""tentative_library_annotation"", ""reported_name_verbatim"": ""Tricyclo[2.2.1.0(2,6)]heptane, 1,3 ,3-trimethyl-"", ""reported_quality_verbatim"": ""92"", ""reported_smiles_verbatim"": ""CC1(C2CCC(C2)(C1)C)C"", ""source_preserved_without_silent_correction"": true}",before_storage,0,0.72,project_blends_reported_v1:blend_c:before:004
blend_c,C,"[""Cymbopogon citratus"", ""Ocimum gratissimum"", ""Syzygium aromaticum""]","{""Cymbopogon citratus"": 10.0, ""Ocimum gratissimum"": 10.0, ""Syzygium aromaticum"": 10.0}",o-Cymene,[],5.003,93.0,CC1=CC=CC=C1C,Monoterpene,Table 4.4,Table 4.4 row 5,"{""identity_status"": ""tentative_library_annotation"", ""reported_name_verbatim"": ""o-Cymene"", ""reported_quality_verbatim"": ""93"", ""reported_smiles_verbatim"": ""CC1=CC=CC=C1C"", ""source_preserved_without_silent_correction"": true}",after_storage,28,0.08,project_blends_reported_v1:blend_c:after:005
blend_c,C,"[""Cymbopogon citratus"", ""Ocimum gratissimum"", ""Syzygium aromaticum""]","{""Cymbopogon citratus"": 10.0, ""Ocimum gratissimum"": 10.0, ""Syzygium aromaticum"": 10.0}","Phenol, 2-methoxy-3-(2-propenyl)-","[""Phenol, 2-methoxy-3-(2-propenyl)-"", ""Eugenol""]",5.369,98.0,CC=CC1=CC(=CC(=C1)OC)O CC1=CC(=CC=C1CC=C(O)C)O,Phenylpropanoid,Table 4.4,Table 4.4 row 6,"{""identity_status"": ""tentative_library_annotation"", ""reported_name_verbatim"": ""Phenol, 2-methoxy-3-(2-propenyl)- Eugenol"", ""reported_quality_verbatim"": ""98"", ""reported_smiles_verbatim"": ""CC=CC1=CC(=CC(=C1)OC)O CC1=CC(=CC=C1CC=C(O)C)O"", ""source_preserved_without_silent_correction"": true}",before_storage,0,0.79,project_blends_reported_v1:blend_c:before:006
blend_c,C,"[""Cymbopogon citratus"", ""Ocimum gratissimum"", ""Syzygium aromaticum""]","{""Cymbopogon citratus"": 10.0, ""Ocimum gratissimum"": 10.0, ""Syzygium aromaticum"": 10.0}",Copaene,[],5.589,99.0,CC1CCC2(C1CCC3C2CCC4C3(CCC(C4)C)C)C,Sesquiterpene,Table 4.4,Table 4.4 row 7,"{""identity_status"": ""tentative_library_annotation"", ""reported_name_verbatim"": ""Copaene"", ""reported_quality_verbatim"": ""99"", ""reported_smiles_verbatim"": ""CC1CCC2(C1CCC3C2CCC4C3(CCC(C4)C)C)C"", ""source_preserved_without_silent_correction"": true}",before_storage,0,1.24,project_blends_reported_v1:blend_c:before:007
blend_c,C,"[""Cymbopogon citratus"", ""Ocimum gratissimum"", ""Syzygium aromaticum""]","{""Cymbopogon citratus"": 10.0, ""Ocimum gratissimum"": 10.0, ""Syzygium aromaticum"": 10.0}",(-)-beta--Bourbonene,[],5.684,96.0,CC1CCC2(C1CCC2(C)C)C,Sesquiterpene,Table 4.4,Table 4.4 row 8,"{""identity_status"": ""tentative_library_annotation"", ""reported_name_verbatim"": ""(-)-beta--Bourbonene"", ""reported_quality_verbatim"": ""96"", ""reported_smiles_verbatim"": ""CC1CCC2(C1CCC2(C)C)C"", ""source_preserved_without_silent_correction"": true}",before_storage,0,1.82,project_blends_reported_v1:blend_c:before:008
blend_c,C,"[""Cymbopogon citratus"", ""Ocimum gratissimum"", ""Syzygium aromaticum""]","{""Cymbopogon citratus"": 10.0, ""Ocimum gratissimum"": 10.0, ""Syzygium aromaticum"": 10.0}",Caryophyllene,[],6.008,97.0,CC1CCC2C(C1)CCC3C2CCC4C3(CCC(C4)C)C,Sesquiterpene,Table 4.4,Table 4.4 row 9,"{""identity_status"": ""tentative_library_annotation"", ""reported_name_verbatim"": ""Caryophyllene"", ""reported_quality_verbatim"": ""97"", ""reported_smiles_verbatim"": ""CC1CCC2C(C1)CCC3C2CCC4C3(CCC(C4)C)C"", ""source_preserved_without_silent_correction"": true}",before_storage,0,13.74,project_blends_reported_v1:blend_c:before:009
blend_c,C,"[""Cymbopogon citratus"", ""Ocimum gratissimum"", ""Syzygium aromaticum""]","{""Cymbopogon citratus"": 10.0, ""Ocimum gratissimum"": 10.0, ""Syzygium aromaticum"": 10.0}",Humulene,[],6.28,97.0,CC1CCC2C(C1)CCC3C2CCC4C3(CCC(C4)C)C,Sesquiterpene,Table 4.4,Table 4.4 row 10,"{""identity_status"": ""tentative_library_annotation"", ""reported_name_verbatim"": ""Humulene"", ""reported_quality_verbatim"": ""97"", ""reported_smiles_verbatim"": ""CC1CCC2C(C1)CCC3C2CCC4C3(CCC(C4)C)C"", ""source_preserved_without_silent_correction"": true}",before_storage,0,1.4,project_blends_reported_v1:blend_c:before:010
blend_c,C,"[""Cymbopogon citratus"", ""Ocimum gratissimum"", ""Syzygium aromaticum""]","{""Cymbopogon citratus"": 10.0, ""Ocimum gratissimum"": 10.0, ""Syzygium aromaticum"": 10.0}",Germacrene D,[],6.5,95.0,CC1CCC2C(C1)CCC3C2CCC4C3CCC5C4CCC(C5)C,Sesquiterpene,Table 4.4,Table 4.4 row 11,"{""identity_status"": ""tentative_library_annotation"", ""reported_name_verbatim"": ""Germacrene D"", ""reported_quality_verbatim"": ""95"", ""reported_smiles_verbatim"": ""CC1CCC2C(C1)CCC3C2CCC4C3CCC5C4CCC(C5)C"", ""source_preserved_without_silent_correction"": true}",before_storage,0,4.3,project_blends_reported_v1:blend_c:before:011
blend_c,C,"[""Cymbopogon citratus"", ""Ocimum gratissimum"", ""Syzygium aromaticum""]","{""Cymbopogon citratus"": 10.0, ""Ocimum gratissimum"": 10.0, ""Syzygium aromaticum"": 10.0}","1H-Cyclopropa[a]naphthalene, 1a,2, 3,3a,4,5,6,7b-octahydro-1,1,3a,7-t etramethyl-, [1aR-(1aalpha-,3a.al pha.,7balpha-)]-",[],6.626,95.0,CC1(C2CCC(C2)(C1)C)C,Cyclopropyl sesquiterpene,Table 4.4,Table 4.4 row 12,"{""identity_status"": ""tentative_library_annotation"", ""reported_name_verbatim"": ""1H-Cyclopropa[a]naphthalene, 1a,2, 3,3a,4,5,6,7b-octahydro-1,1,3a,7-t etramethyl-, [1aR-(1aalpha-,3a.al pha.,7balpha-)]-"", ""reported_quality_verbatim"": ""95"", ""reported_smiles_verbatim"": ""CC1(C2CCC(C2)(C1)C)C"", ""source_preserved_without_silent_correction"": true}",before_storage,0,3.59,project_blends_reported_v1:blend_c:before:012
blend_c,C,"[""Cymbopogon citratus"", ""Ocimum gratissimum"", ""Syzygium aromaticum""]","{""Cymbopogon citratus"": 10.0, ""Ocimum gratissimum"": 10.0, ""Syzygium aromaticum"": 10.0}","Naphthalene, 1,2,3,5,6,8a-hexahydr o-4,7-dimethyl-1-(1-methylethyl)-, (1S-cis)-",[],6.793,99.0,CC1(C2CCC(C2)(C1)C)C,Diterpene alcohol,Table 4.4,Table 4.4 row 13,"{""identity_status"": ""tentative_library_annotation"", ""reported_name_verbatim"": ""Naphthalene, 1,2,3,5,6,8a-hexahydr o-4,7-dimethyl-1-(1-methylethyl)-, (1S-cis)-"", ""reported_quality_verbatim"": ""99"", ""reported_smiles_verbatim"": ""CC1(C2CCC(C2)(C1)C)C"", ""source_preserved_without_silent_correction"": true}",before_storage,0,1.34,project_blends_reported_v1:blend_c:before:013
blend_c,C,"[""Cymbopogon citratus"", ""Ocimum gratissimum"", ""Syzygium aromaticum""]","{""Cymbopogon citratus"": 10.0, ""Ocimum gratissimum"": 10.0, ""Syzygium aromaticum"": 10.0}",Dehydroelasholtza ketone,[],7.097,80.0,CC1(C2CCC(C2)(C1)C)C,Sesquiterpene ketone,Table 4.4,Table 4.4 row 14,"{""identity_status"": ""tentative_library_annotation"", ""reported_name_verbatim"": ""Dehydroelasholtza ketone"", ""reported_quality_verbatim"": ""80"", ""reported_smiles_verbatim"": ""CC1(C2CCC(C2)(C1)C)C"", ""source_preserved_without_silent_correction"": true}",after_storage,28,0.22,project_blends_reported_v1:blend_c:after:014
blend_c,C,"[""Cymbopogon citratus"", ""Ocimum gratissimum"", ""Syzygium aromaticum""]","{""Cymbopogon citratus"": 10.0, ""Ocimum gratissimum"": 10.0, ""Syzygium aromaticum"": 10.0}","1H-Cycloprop[e]azulen-7-ol, decahy dro-1,1,7-trimethyl-4-methylene-, [1ar-(1aalpha-,4aalpha-,7beta-, 7abeta-,7balpha-)]-",[],7.306,96.0,CC1(C2CCC(C2)(C1)C)C,Cyclopropyl sesquiterpene,Table 4.4,Table 4.4 row 15,"{""identity_status"": ""tentative_library_annotation"", ""reported_name_verbatim"": ""1H-Cycloprop[e]azulen-7-ol, decahy dro-1,1,7-trimethyl-4-methylene-, [1ar-(1aalpha-,4aalpha-,7beta-, 7abeta-,7balpha-)]-"", ""reported_quality_verbatim"": ""96"", ""reported_smiles_verbatim"": ""CC1(C2CCC(C2)(C1)C)C"", ""source_preserved_without_silent_correction"": true}",before_storage,0,8.42,project_blends_reported_v1:blend_c:before:015
blend_c,C,"[""Cymbopogon citratus"", ""Ocimum gratissimum"", ""Syzygium aromaticum""]","{""Cymbopogon citratus"": 10.0, ""Ocimum gratissimum"": 10.0, ""Syzygium aromaticum"": 10.0}",Isoaromadendrene epoxide,[],7.38,83.0,CC1(C2CCC(C2)(C1)C)C,Sesquiterpene epoxide,Table 4.4,Table 4.4 row 16,"{""identity_status"": ""tentative_library_annotation"", ""reported_name_verbatim"": ""Isoaromadendrene epoxide"", ""reported_quality_verbatim"": ""83"", ""reported_smiles_verbatim"": ""CC1(C2CCC(C2)(C1)C)C"", ""source_preserved_without_silent_correction"": true}",before_storage,0,11.97,project_blends_reported_v1:blend_c:before:016
blend_c,C,"[""Cymbopogon citratus"", ""Ocimum gratissimum"", ""Syzygium aromaticum""]","{""Cymbopogon citratus"": 10.0, ""Ocimum gratissimum"": 10.0, ""Syzygium aromaticum"": 10.0}","Phenol, 2-methyl-5-(1-methylethyl)","[""Phenol, 2-methyl-5-(1-methylethyl)"", ""Thymol""]",7.401,90.0,CC(C)C1=CC(=CC(=C1)O)C CC1=CC(=C(C=C1)C(C)C)O,Phenolic monoterpene,Table 4.4,Table 4.4 row 17,"{""identity_status"": ""tentative_library_annotation"", ""reported_name_verbatim"": ""Phenol, 2-methyl-5-(1-methylethyl) Thymol"", ""reported_quality_verbatim"": ""90"", ""reported_smiles_verbatim"": ""CC(C)C1=CC(=CC(=C1)O)C CC1=CC(=C(C=C1)C(C)C)O"", ""source_preserved_without_silent_correction"": true}",before_storage,0,1.47,project_blends_reported_v1:blend_c:before:017
blend_c,C,"[""Cymbopogon citratus"", ""Ocimum gratissimum"", ""Syzygium aromaticum""]","{""Cymbopogon citratus"": 10.0, ""Ocimum gratissimum"": 10.0, ""Syzygium aromaticum"": 10.0}",Caryophyllene oxide,[],7.568,83.0,CC1CCC2C(C1)CCC3C2CCC4C3(CCC(C4)O)C,Sesquiterpene oxide,Table 4.4,Table 4.4 row 18,"{""identity_status"": ""tentative_library_annotation"", ""reported_name_verbatim"": ""Caryophyllene oxide"", ""reported_quality_verbatim"": ""83"", ""reported_smiles_verbatim"": ""CC1CCC2C(C1)CCC3C2CCC4C3(CCC(C4)O)C"", ""source_preserved_without_silent_correction"": true}",before_storage,0,1.93,project_blends_reported_v1:blend_c:before:018
blend_c,C,"[""Cymbopogon citratus"", ""Ocimum gratissimum"", ""Syzygium aromaticum""]","{""Cymbopogon citratus"": 10.0, ""Ocimum gratissimum"": 10.0, ""Syzygium aromaticum"": 10.0}","1H-Cyclopropa[a]naphthalene, 1a,2, 6,7,7a,7b-hexahydro-1,1,7,7a-tetra methyl-, [1aR-(1aalpha-,7alpha-, 7aalpha-,7balpha-)]-",[],7.757,92.0,CC1(C2CCC(C2)(C1)C)C,Cyclopropyl sesquiterpene,Table 4.4,Table 4.4 row 19,"{""identity_status"": ""tentative_library_annotation"", ""reported_name_verbatim"": ""1H-Cyclopropa[a]naphthalene, 1a,2, 6,7,7a,7b-hexahydro-1,1,7,7a-tetra methyl-, [1aR-(1aalpha-,7alpha-, 7aalpha-,7balpha-)]-"", ""reported_quality_verbatim"": ""92"", ""reported_smiles_verbatim"": ""CC1(C2CCC(C2)(C1)C)C"", ""source_preserved_without_silent_correction"": true}",before_storage,0,3.04,project_blends_reported_v1:blend_c:before:019
blend_c,C,"[""Cymbopogon citratus"", ""Ocimum gratissimum"", ""Syzygium aromaticum""]","{""Cymbopogon citratus"": 10.0, ""Ocimum gratissimum"": 10.0, ""Syzygium aromaticum"": 10.0}","Naphthalene, 1,2,3,5,6,7,8,8a-octa hydro-1,8a-dimethyl-7-(1-methyleth enyl)-, [1S-(1alpha-,7alpha-,8a. alpha.)]-",[],7.882,97.0,CC1(C2CCC(C2)(C1)C)C,Sesquiterpene,Table 4.4,Table 4.4 row 20,"{""identity_status"": ""tentative_library_annotation"", ""reported_name_verbatim"": ""Naphthalene, 1,2,3,5,6,7,8,8a-octa hydro-1,8a-dimethyl-7-(1-methyleth enyl)-, [1S-(1alpha-,7alpha-,8a. alpha.)]-"", ""reported_quality_verbatim"": ""97"", ""reported_smiles_verbatim"": ""CC1(C2CCC(C2)(C1)C)C"", ""source_preserved_without_silent_correction"": true}",before_storage,0,3.25,project_blends_reported_v1:blend_c:before:020
blend_c,C,"[""Cymbopogon citratus"", ""Ocimum gratissimum"", ""Syzygium aromaticum""]","{""Cymbopogon citratus"": 10.0, ""Ocimum gratissimum"": 10.0, ""Syzygium aromaticum"": 10.0}","Neoisolongifolene, 8,9-dehydro-4,4-Dimethyl-3-(3-methylbut-3-enylidene)-2-methylenebicyclo[4.1.0]heptane",[],7.997,95.0,CC1(C2CCC(C2)(C1)C)C,Sesquiterpene,Table 4.4,Table 4.4 row 21,"{""identity_status"": ""tentative_library_annotation"", ""reported_name_verbatim"": ""Neoisolongifolene, 8,9-dehydro-4,4-Dimethyl-3-(3-methylbut-3-enylidene)-2-methylenebicyclo[4.1.0]heptane"", ""reported_quality_verbatim"": ""95"", ""reported_smiles_verbatim"": ""CC1(C2CCC(C2)(C1)C)C"", ""source_preserved_without_silent_correction"": true}",before_storage,0,2.48,project_blends_reported_v1:blend_c:before:021
blend_c,C,"[""Cymbopogon citratus"", ""Ocimum gratissimum"", ""Syzygium aromaticum""]","{""Cymbopogon citratus"": 10.0, ""Ocimum gratissimum"": 10.0, ""Syzygium aromaticum"": 10.0}",Eugenol,[],8.008,97.0,CC1=CC(=CC=C1CC=C(O)C)O,,Table 4.4,Table 4.4 row 22,"{""identity_status"": ""tentative_library_annotation"", ""reported_name_verbatim"": ""Eugenol"", ""reported_quality_verbatim"": ""97"", ""reported_smiles_verbatim"": ""CC1=CC(=CC=C1CC=C(O)C)O"", ""source_preserved_without_silent_correction"": true}",after_storage,28,75.62,project_blends_reported_v1:blend_c:after:022
blend_c,C,"[""Cymbopogon citratus"", ""Ocimum gratissimum"", ""Syzygium aromaticum""]","{""Cymbopogon citratus"": 10.0, ""Ocimum gratissimum"": 10.0, ""Syzygium aromaticum"": 10.0}","(R,Z)-2-Methyl-6-(4-methylcyclohex a-1,4-dien-1-yl)hept-2-en-1-ol",[],8.113,64.0,CC1=CC(=CC=C1CC=C(C)CCC(C)O)C,Sesquiterpene alcohol,Table 4.4,Table 4.4 row 23,"{""identity_status"": ""tentative_library_annotation"", ""reported_name_verbatim"": ""(R,Z)-2-Methyl-6-(4-methylcyclohex a-1,4-dien-1-yl)hept-2-en-1-ol"", ""reported_quality_verbatim"": ""64"", ""reported_smiles_verbatim"": ""CC1=CC(=CC=C1CC=C(C)CCC(C)O)C"", ""source_preserved_without_silent_correction"": true}",before_storage,0,8.24,project_blends_reported_v1:blend_c:before:023
blend_c,C,"[""Cymbopogon citratus"", ""Ocimum gratissimum"", ""Syzygium aromaticum""]","{""Cymbopogon citratus"": 10.0, ""Ocimum gratissimum"": 10.0, ""Syzygium aromaticum"": 10.0}",Caryophyllene,[],8.532,99.0,CC1CCC2C(C1)CCC3C2CCC4C3(CCC(C4)C)C,,Table 4.4,Table 4.4 row 24,"{""identity_status"": ""tentative_library_annotation"", ""reported_name_verbatim"": ""Caryophyllene"", ""reported_quality_verbatim"": ""99"", ""reported_smiles_verbatim"": ""CC1CCC2C(C1)CCC3C2CCC4C3(CCC(C4)C)C"", ""source_preserved_without_silent_correction"": true}",after_storage,28,6.43,project_blends_reported_v1:blend_c:after:024
blend_c,C,"[""Cymbopogon citratus"", ""Ocimum gratissimum"", ""Syzygium aromaticum""]","{""Cymbopogon citratus"": 10.0, ""Ocimum gratissimum"": 10.0, ""Syzygium aromaticum"": 10.0}",Humulene,[],8.793,97.0,CC1CCC2C(C1)CCC3C2CCC4C3(CCC(C4)C)C,,Table 4.4,Table 4.4 row 25,"{""identity_status"": ""tentative_library_annotation"", ""reported_name_verbatim"": ""Humulene"", ""reported_quality_verbatim"": ""97"", ""reported_smiles_verbatim"": ""CC1CCC2C(C1)CCC3C2CCC4C3(CCC(C4)C)C"", ""source_preserved_without_silent_correction"": true}",after_storage,28,0.79,project_blends_reported_v1:blend_c:after:025
blend_c,C,"[""Cymbopogon citratus"", ""Ocimum gratissimum"", ""Syzygium aromaticum""]","{""Cymbopogon citratus"": 10.0, ""Ocimum gratissimum"": 10.0, ""Syzygium aromaticum"": 10.0}","Benzene, 1-(1,5-dimethyl-4-hexenyl)-4-methyl-",[],8.929,97.0,CC(C)C1=CC(=CC=C1)CC=C(C)C,Phenylpropanoid,Table 4.4,Table 4.4 row 26,"{""identity_status"": ""tentative_library_annotation"", ""reported_name_verbatim"": ""Benzene, 1-(1,5-dimethyl-4-hexenyl)-4-methyl-"", ""reported_quality_verbatim"": ""97"", ""reported_smiles_verbatim"": ""CC(C)C1=CC(=CC=C1)CC=C(C)C"", ""source_preserved_without_silent_correction"": true}",after_storage,28,0.52,project_blends_reported_v1:blend_c:after:026
blend_c,C,"[""Cymbopogon citratus"", ""Ocimum gratissimum"", ""Syzygium aromaticum""]","{""Cymbopogon citratus"": 10.0, ""Ocimum gratissimum"": 10.0, ""Syzygium aromaticum"": 10.0}","1,3-Cyclohexadiene, 5-(1,5-dimethy l-4-hexenyl)-2-methyl-, [S-(R*,S*) ]-",[],9.013,87.0,CC(C)C1=CC(=CC=C1)CC=C(C)C,Phenylpropanoid,Table 4.4,Table 4.4 row 27,"{""identity_status"": ""tentative_library_annotation"", ""reported_name_verbatim"": ""1,3-Cyclohexadiene, 5-(1,5-dimethy l-4-hexenyl)-2-methyl-, [S-(R*,S*) ]-"", ""reported_quality_verbatim"": ""87"", ""reported_smiles_verbatim"": ""CC(C)C1=CC(=CC=C1)CC=C(C)C"", ""source_preserved_without_silent_correction"": true}",after_storage,28,1.52,project_blends_reported_v1:blend_c:after:027
blend_c,C,"[""Cymbopogon citratus"", ""Ocimum gratissimum"", ""Syzygium aromaticum""]","{""Cymbopogon citratus"": 10.0, ""Ocimum gratissimum"": 10.0, ""Syzygium aromaticum"": 10.0}","Phenol, 2-methoxy-4-(2-propenyl)-, acetate",[],9.252,98.0,CC(=O)OC1=CC(=CC(=C1)OC)O,Phenylpropanoid,Table 4.4,Table 4.4 row 28,"{""identity_status"": ""tentative_library_annotation"", ""reported_name_verbatim"": ""Phenol, 2-methoxy-4-(2-propenyl)-, acetate"", ""reported_quality_verbatim"": ""98"", ""reported_smiles_verbatim"": ""CC(=O)OC1=CC(=CC(=C1)OC)O"", ""source_preserved_without_silent_correction"": true}",after_storage,28,1.56,project_blends_reported_v1:blend_c:after:028
blend_c,C,"[""Cymbopogon citratus"", ""Ocimum gratissimum"", ""Syzygium aromaticum""]","{""Cymbopogon citratus"": 10.0, ""Ocimum gratissimum"": 10.0, ""Syzygium aromaticum"": 10.0}","2',3',4' Trimethoxyacetophenone",[],10.437,86.0,COC1=CC(=CC(=C1)OC)C(=O)COC,Phenylpropanoid,Table 4.4,Table 4.4 row 29,"{""identity_status"": ""tentative_library_annotation"", ""reported_name_verbatim"": ""2',3',4' Trimethoxyacetophenone"", ""reported_quality_verbatim"": ""86"", ""reported_smiles_verbatim"": ""COC1=CC(=CC(=C1)OC)C(=O)COC"", ""source_preserved_without_silent_correction"": true}",after_storage,28,0.11,project_blends_reported_v1:blend_c:after:029
blend_c,C,"[""Cymbopogon citratus"", ""Ocimum gratissimum"", ""Syzygium aromaticum""]","{""Cymbopogon citratus"": 10.0, ""Ocimum gratissimum"": 10.0, ""Syzygium aromaticum"": 10.0}","7-Isopropyl-1,1,4a-trimethyl-1,2,3 ,4,4a,9,10,10a-octahydrophenanthre ne",[],10.688,97.0,CC1(C2CCC(C2)(C1)C)C,Steroid,Table 4.4,Table 4.4 row 30,"{""identity_status"": ""tentative_library_annotation"", ""reported_name_verbatim"": ""7-Isopropyl-1,1,4a-trimethyl-1,2,3 ,4,4a,9,10,10a-octahydrophenanthre ne"", ""reported_quality_verbatim"": ""97"", ""reported_smiles_verbatim"": ""CC1(C2CCC(C2)(C1)C)C"", ""source_preserved_without_silent_correction"": true}",before_storage,0,4.89,project_blends_reported_v1:blend_c:before:030
blend_c,C,"[""Cymbopogon citratus"", ""Ocimum gratissimum"", ""Syzygium aromaticum""]","{""Cymbopogon citratus"": 10.0, ""Ocimum gratissimum"": 10.0, ""Syzygium aromaticum"": 10.0}","(4aS,4bR,10aS)-7-Isopropyl-1,1,4a- trimethyl-1,2,3,4,4a,5,6,9,10,10a-deca hydrophenanthrene",[],10.877,99.0,CC1(C2CCC(C2)(C1)C)C,Steriod,Table 4.4,Table 4.4 row 31,"{""identity_status"": ""tentative_library_annotation"", ""reported_name_verbatim"": ""(4aS,4bR,10aS)-7-Isopropyl-1,1,4a- trimethyl-1,2,3,4,4a,5,6,9,10,10a-deca hydrophenanthrene"", ""reported_quality_verbatim"": ""99"", ""reported_smiles_verbatim"": ""CC1(C2CCC(C2)(C1)C)C"", ""source_preserved_without_silent_correction"": true}",before_storage,0,1.71,project_blends_reported_v1:blend_c:before:031
blend_c,C,"[""Cymbopogon citratus"", ""Ocimum gratissimum"", ""Syzygium aromaticum""]","{""Cymbopogon citratus"": 10.0, ""Ocimum gratissimum"": 10.0, ""Syzygium aromaticum"": 10.0}","Imidazolo[1,2-a]pyridine, 6-chloro -2-(4-nitrophenyl)-",[],12.28,91.0,CLC1CCC(-C2NC3CCCCC3N2)CC1N+[O-],Alkaloid,Table 4.4,Table 4.4 row 32,"{""identity_status"": ""tentative_library_annotation"", ""reported_name_verbatim"": ""Imidazolo[1,2-a]pyridine, 6-chloro -2-(4-nitrophenyl)-"", ""reported_quality_verbatim"": ""91"", ""reported_smiles_verbatim"": ""CLC1CCC(-C2NC3CCCCC3N2)CC1N+[O-]"", ""source_preserved_without_silent_correction"": true}",before_storage,0,5.07,project_blends_reported_v1:blend_c:before:032
